url,name,address,city,state,phone
https://www.smileyaccounting.com/,"Schyler C. Smiley, CPA PLLC",,Middlebrook,VA,î‚°(540) 480-0637
https://www.elmorehupp.com/,"Elmore, Hupp & Company, PLC","îƒˆ1603 N Coalter St, Staunton, VA 24401",Staunton,VA,î‚°(540) 885-7000
http://www.huntandassociate.com/,"Hunt & Associate, LLC","îƒˆ3140 Stuarts Draft Hwy, Stuarts Draft, VA 24477",Stuarts Draft,VA,î‚°(540) 324-4379
http://www.roycartercpa.com/,Roy E Carter CPA PC,"îƒˆ1011 N Augusta St Apt E, Staunton, VA 24401",Staunton,VA,î‚°(540) 886-6251
http://www.arehartcpa.com/,"Arehart Associates, Ltd.","îƒˆ320 Federal St, Waynesboro, VA 22980",Waynesboro,VA,î‚°(540) 949-0124
http://www.stscpa.com/,"Stephen T. Shickel, CPA, PLC","îƒˆ2290 N Augusta St, Staunton, VA 24401",Staunton,VA,î‚°(540) 887-2200
http://www.dltandco.com/,"Douglas L. Thompson, CPA at DT & Company, PLC","îƒˆ155 S Main St Box 726, Amherst, VA 24521",Amherst,VA,î‚°(434) 381-2945
https://www.aaatsi.com/contact-waynesboro,Kirk B Knott Ltd,"îƒˆ132 Community Dr, Waynesboro, VA 22980",Waynesboro,VA,î‚°(540) 943-7615
http://www.ahuppcpa.com/,"Angela Perkins Hupp, CPA, LLC","îƒˆ1196 E Hyco Rd, South Boston, VA 24592",South Boston,VA,î‚°(434) 404-3405
http://bit.ly/m/livingtrust,Rahul Maitra CPA,"îƒˆ8810 Irish Rd, Faber, VA 22938",Faber,VA,î‚°(914) 806-4811
https://wwmccpa.com/,Results,"îƒˆ1616 N Coalter St, Staunton, VA 24401",Staunton,VA,î‚°(540) 885-8123
http://jonesandcompany.net/,Results,,Middlebrook,VA,î‚°(888) 247-2850
http://www.rfca.com/,Results,"îƒˆ10 Hedgerow Dr, Staunton, VA 24401",Staunton,VA,î‚°(540) 248-7300
http://www.yourassistantllc.com/,Results,"îƒˆ27 Stoneridge Dr Suite 101, Waynesboro, VA 22980",Waynesboro,VA,î‚°(540) 584-1035
http://cja-cpa.com/,Results,"îƒˆ828 N Mecklenburg Ave, South Hill, VA 23970",South Hill,VA,î‚°(434) 447-7111
http://www.howardbolton.com/,Results,"îƒˆ601 Loyal St, Danville, VA 24541",Danville,VA,î‚°(434) 792-2222
https://www.bookkeeper.com/,Results,"îƒˆ222 S Wayne Ave, Waynesboro, VA 22980",Waynesboro,VA,î‚°(540) 943-4193
http://www.piedmontcpa.com/,Results,"îƒˆ40 Stoneridge Dr # 102, Waynesboro, VA 22980",Waynesboro,VA,î‚°(434) 361-9650
http://www.businessfinancials.net/,Results,"îƒˆ2353 Jefferson Hwy, Waynesboro, VA 22980",Waynesboro,VA,î‚°(540) 932-8560
https://www.courtlandaccounting.com/,Results,"îƒˆ1507 Wickham Pond Dr, Charlottesville, VA 22901",Charlottesville,VA,î‚°(410) 980-4900
http://www.middlebrookwealth.com/,Results,"îƒˆ5 Middlebrook Ave, Staunton, VA 24401",Staunton,VA,î‚°(540) 712-0288
https://www.goldenrulebookkeepingandconsulting.com/?utm_source=google&utm_medium=wix_google_business_profile&utm_campaign=13698025986201647168,Results,"îƒˆ4539 Lee Jackson Hwy, Greenville, VA 24440",Greenville,VA,î‚°(540) 817-0644
http://www.cpamaria.com/,Results,"îƒˆ28 Scarlet Tanager, Nellysford, VA 22958",Nellysford,VA,î‚°(434) 361-2330
https://www.shenvalleytax.com/,Results,"îƒˆ809 W Main St, Waynesboro, VA 22980",Waynesboro,VA,î‚°(540) 943-0893
https://lakecpa.com/,Results,"îƒˆ85 Westlake Rd, Hardy, VA 24101",Hardy,VA,î‚°(540) 719-4600
http://www.teloscpas.com/,Results,,Middlebrook,VA,î‚°(540) 225-2546
